image,noise_type,strength_luma,strength_chroma,psnr,ssim,output_path
airplaneU2.bmp,salt_pepper,0.1,0.1,31.73349838817469,0.09345723026247085,output/Additional\airplaneU2_salt_pepper_luma0.10_chroma0.10.png
airplaneU2.bmp,salt_pepper,0.1,0.5,35.664117831940935,0.06895398749595635,output/Additional\airplaneU2_salt_pepper_luma0.10_chroma0.50.png
airplaneU2.bmp,salt_pepper,0.1,0.9,35.56743212121783,0.06889271762450362,output/Additional\airplaneU2_salt_pepper_luma0.10_chroma0.90.png
airplaneU2.bmp,salt_pepper,0.5,0.1,27.92966517644151,0.6167014345675969,output/Additional\airplaneU2_salt_pepper_luma0.50_chroma0.10.png
airplaneU2.bmp,salt_pepper,0.5,0.5,27.9361467331288,0.6178145873165628,output/Additional\airplaneU2_salt_pepper_luma0.50_chroma0.50.png
airplaneU2.bmp,salt_pepper,0.5,0.9,33.70077608297293,0.06456746678346074,output/Additional\airplaneU2_salt_pepper_luma0.50_chroma0.90.png
airplaneU2.bmp,salt_pepper,0.9,0.1,27.892012682768126,0.6083529720633938,output/Additional\airplaneU2_salt_pepper_luma0.90_chroma0.10.png
airplaneU2.bmp,salt_pepper,0.9,0.5,27.89959613308369,0.6097947181248206,output/Additional\airplaneU2_salt_pepper_luma0.90_chroma0.50.png
airplaneU2.bmp,salt_pepper,0.9,0.9,27.90747254462454,0.6114452168223872,output/Additional\airplaneU2_salt_pepper_luma0.90_chroma0.90.png
airplaneU2.bmp,gaussian,0.1,0.1,33.665054361402554,0.7217964133753999,output/Additional\airplaneU2_gaussian_luma0.10_chroma0.10.png
airplaneU2.bmp,gaussian,0.1,0.5,33.75166432010788,0.7264240352010091,output/Additional\airplaneU2_gaussian_luma0.10_chroma0.50.png
airplaneU2.bmp,gaussian,0.1,0.9,33.79129503117095,0.7285375657325273,output/Additional\airplaneU2_gaussian_luma0.10_chroma0.90.png
airplaneU2.bmp,gaussian,0.5,0.1,32.964668776828255,0.6871614136201024,output/Additional\airplaneU2_gaussian_luma0.50_chroma0.10.png
airplaneU2.bmp,gaussian,0.5,0.5,33.023632513847076,0.6893570040390248,output/Additional\airplaneU2_gaussian_luma0.50_chroma0.50.png
airplaneU2.bmp,gaussian,0.5,0.9,33.09599000890917,0.6922552581510847,output/Additional\airplaneU2_gaussian_luma0.50_chroma0.90.png
airplaneU2.bmp,gaussian,0.9,0.1,32.695837732701925,0.6776190856006175,output/Additional\airplaneU2_gaussian_luma0.90_chroma0.10.png
airplaneU2.bmp,gaussian,0.9,0.5,32.72458036638736,0.6785329015834366,output/Additional\airplaneU2_gaussian_luma0.90_chroma0.50.png
airplaneU2.bmp,gaussian,0.9,0.9,32.77821478969339,0.680159342252332,output/Additional\airplaneU2_gaussian_luma0.90_chroma0.90.png
cablecar.bmp,salt_pepper,0.1,0.1,30.21851795303421,0.23912294941320467,output/Additional\cablecar_salt_pepper_luma0.10_chroma0.10.png
cablecar.bmp,salt_pepper,0.1,0.5,29.984245252623865,0.23881395066367372,output/Additional\cablecar_salt_pepper_luma0.10_chroma0.50.png
cablecar.bmp,salt_pepper,0.1,0.9,29.96256346843299,0.2379635236352202,output/Additional\cablecar_salt_pepper_luma0.10_chroma0.90.png
cablecar.bmp,salt_pepper,0.5,0.1,28.312128266407,0.5634476926144157,output/Additional\cablecar_salt_pepper_luma0.50_chroma0.10.png
cablecar.bmp,salt_pepper,0.5,0.5,28.256217491967934,0.5644255656535504,output/Additional\cablecar_salt_pepper_luma0.50_chroma0.50.png
cablecar.bmp,salt_pepper,0.5,0.9,28.235185054542914,0.5663329077147807,output/Additional\cablecar_salt_pepper_luma0.50_chroma0.90.png
cablecar.bmp,salt_pepper,0.9,0.1,28.187335657518048,0.5281028288869047,output/Additional\cablecar_salt_pepper_luma0.90_chroma0.10.png
cablecar.bmp,salt_pepper,0.9,0.5,28.188359413229122,0.5286660298642483,output/Additional\cablecar_salt_pepper_luma0.90_chroma0.50.png
cablecar.bmp,salt_pepper,0.9,0.9,28.188388661822252,0.5310731366000446,output/Additional\cablecar_salt_pepper_luma0.90_chroma0.90.png
cablecar.bmp,gaussian,0.1,0.1,31.533294096866452,0.8026906129645934,output/Additional\cablecar_gaussian_luma0.10_chroma0.10.png
cablecar.bmp,gaussian,0.1,0.5,31.069731077713108,0.8055753254222536,output/Additional\cablecar_gaussian_luma0.10_chroma0.50.png
cablecar.bmp,gaussian,0.1,0.9,31.00002268522742,0.8093203009967037,output/Additional\cablecar_gaussian_luma0.10_chroma0.90.png
cablecar.bmp,gaussian,0.5,0.1,29.961340688955154,0.5992736958842464,output/Additional\cablecar_gaussian_luma0.50_chroma0.10.png
cablecar.bmp,gaussian,0.5,0.5,29.89923246339726,0.6004861519572892,output/Additional\cablecar_gaussian_luma0.50_chroma0.50.png
cablecar.bmp,gaussian,0.5,0.9,29.87529389579425,0.60309530677825,output/Additional\cablecar_gaussian_luma0.50_chroma0.90.png
cablecar.bmp,gaussian,0.9,0.1,29.47884237467385,0.5551489830586648,output/Additional\cablecar_gaussian_luma0.90_chroma0.10.png
cablecar.bmp,gaussian,0.9,0.5,29.47352947632,0.5562493116435485,output/Additional\cablecar_gaussian_luma0.90_chroma0.50.png
cablecar.bmp,gaussian,0.9,0.9,29.481833904517085,0.5578254119192212,output/Additional\cablecar_gaussian_luma0.90_chroma0.90.png
cornfield.bmp,salt_pepper,0.1,0.1,29.51066119504789,0.3600789884906692,output/Additional\cornfield_salt_pepper_luma0.10_chroma0.10.png
cornfield.bmp,salt_pepper,0.1,0.5,29.36681049457418,0.35937355069037213,output/Additional\cornfield_salt_pepper_luma0.10_chroma0.50.png
cornfield.bmp,salt_pepper,0.1,0.9,29.308488407382217,0.3585655365145043,output/Additional\cornfield_salt_pepper_luma0.10_chroma0.90.png
cornfield.bmp,salt_pepper,0.5,0.1,28.977192414667417,0.5069810767035341,output/Additional\cornfield_salt_pepper_luma0.50_chroma0.10.png
cornfield.bmp,salt_pepper,0.5,0.5,28.99476706376813,0.5083773382449255,output/Additional\cornfield_salt_pepper_luma0.50_chroma0.50.png
cornfield.bmp,salt_pepper,0.5,0.9,29.00284911231261,0.5101296107228834,output/Additional\cornfield_salt_pepper_luma0.50_chroma0.90.png
cornfield.bmp,salt_pepper,0.9,0.1,28.88032274593788,0.4584852003589816,output/Additional\cornfield_salt_pepper_luma0.90_chroma0.10.png
cornfield.bmp,salt_pepper,0.9,0.5,28.90109401233111,0.459317587678832,output/Additional\cornfield_salt_pepper_luma0.90_chroma0.50.png
cornfield.bmp,salt_pepper,0.9,0.9,28.936378352281714,0.4606002434825242,output/Additional\cornfield_salt_pepper_luma0.90_chroma0.90.png
cornfield.bmp,gaussian,0.1,0.1,31.02723675628383,0.8215371116058545,output/Additional\cornfield_gaussian_luma0.10_chroma0.10.png
cornfield.bmp,gaussian,0.1,0.5,30.81823644927088,0.8245509619745907,output/Additional\cornfield_gaussian_luma0.10_chroma0.50.png
cornfield.bmp,gaussian,0.1,0.9,30.701621962867026,0.8272372982383139,output/Additional\cornfield_gaussian_luma0.10_chroma0.90.png
cornfield.bmp,gaussian,0.5,0.1,29.804323767652853,0.5315325667509555,output/Additional\cornfield_gaussian_luma0.50_chroma0.10.png
cornfield.bmp,gaussian,0.5,0.5,29.78775766359466,0.5331353074746479,output/Additional\cornfield_gaussian_luma0.50_chroma0.50.png
cornfield.bmp,gaussian,0.5,0.9,29.77803783221946,0.5355468652051416,output/Additional\cornfield_gaussian_luma0.50_chroma0.90.png
cornfield.bmp,gaussian,0.9,0.1,29.49316123509483,0.4719385450816605,output/Additional\cornfield_gaussian_luma0.90_chroma0.10.png
cornfield.bmp,gaussian,0.9,0.5,29.496755256922356,0.47297497832716195,output/Additional\cornfield_gaussian_luma0.90_chroma0.50.png
cornfield.bmp,gaussian,0.9,0.9,29.516082057500693,0.4745968152404076,output/Additional\cornfield_gaussian_luma0.90_chroma0.90.png
fruits.bmp,salt_pepper,0.1,0.1,29.987205078777123,0.20844423471336984,output/Additional\fruits_salt_pepper_luma0.10_chroma0.10.png
fruits.bmp,salt_pepper,0.1,0.5,29.640677233682126,0.20798283923541244,output/Additional\fruits_salt_pepper_luma0.10_chroma0.50.png
fruits.bmp,salt_pepper,0.1,0.9,29.541797852833184,0.20679332539959136,output/Additional\fruits_salt_pepper_luma0.10_chroma0.90.png
fruits.bmp,salt_pepper,0.5,0.1,29.117184784094825,0.5943219962038097,output/Additional\fruits_salt_pepper_luma0.50_chroma0.10.png
fruits.bmp,salt_pepper,0.5,0.5,29.016529861683136,0.595175035865042,output/Additional\fruits_salt_pepper_luma0.50_chroma0.50.png
fruits.bmp,salt_pepper,0.5,0.9,28.998548717257048,0.5976169222852302,output/Additional\fruits_salt_pepper_luma0.50_chroma0.90.png
fruits.bmp,salt_pepper,0.9,0.1,28.962565610253627,0.5691186644963574,output/Additional\fruits_salt_pepper_luma0.90_chroma0.10.png
fruits.bmp,salt_pepper,0.9,0.5,28.868990533833077,0.5698432062152324,output/Additional\fruits_salt_pepper_luma0.90_chroma0.50.png
fruits.bmp,salt_pepper,0.9,0.9,28.850066534129006,0.5724783568266749,output/Additional\fruits_salt_pepper_luma0.90_chroma0.90.png
fruits.bmp,gaussian,0.1,0.1,31.839228956207016,0.7847999886993866,output/Additional\fruits_gaussian_luma0.10_chroma0.10.png
fruits.bmp,gaussian,0.1,0.5,31.10656311028815,0.7869598273483548,output/Additional\fruits_gaussian_luma0.10_chroma0.50.png
fruits.bmp,gaussian,0.1,0.9,30.851204296803843,0.7907810656274524,output/Additional\fruits_gaussian_luma0.10_chroma0.90.png
fruits.bmp,gaussian,0.5,0.1,30.260414775791716,0.6360238727755656,output/Additional\fruits_gaussian_luma0.50_chroma0.10.png
fruits.bmp,gaussian,0.5,0.5,30.068039131180086,0.6372960849111562,output/Additional\fruits_gaussian_luma0.50_chroma0.50.png
fruits.bmp,gaussian,0.5,0.9,29.964316566882406,0.6398800595666616,output/Additional\fruits_gaussian_luma0.50_chroma0.90.png
fruits.bmp,gaussian,0.9,0.1,29.76440685923949,0.6025732019948763,output/Additional\fruits_gaussian_luma0.90_chroma0.10.png
fruits.bmp,gaussian,0.9,0.5,29.700415222608704,0.6042868131689791,output/Additional\fruits_gaussian_luma0.90_chroma0.50.png
fruits.bmp,gaussian,0.9,0.9,29.6278456460638,0.6073215261806213,output/Additional\fruits_gaussian_luma0.90_chroma0.90.png
girl.bmp,salt_pepper,0.1,0.1,30.335477383858386,0.24612840135636047,output/Additional\girl_salt_pepper_luma0.10_chroma0.10.png
girl.bmp,salt_pepper,0.1,0.5,29.96509246427111,0.24580132709686953,output/Additional\girl_salt_pepper_luma0.10_chroma0.50.png
girl.bmp,salt_pepper,0.1,0.9,29.871106086051576,0.2452464530296624,output/Additional\girl_salt_pepper_luma0.10_chroma0.90.png
girl.bmp,salt_pepper,0.5,0.1,28.689330965030674,0.5957149183696558,output/Additional\girl_salt_pepper_luma0.50_chroma0.10.png
girl.bmp,salt_pepper,0.5,0.5,28.579424733216563,0.5963549262447713,output/Additional\girl_salt_pepper_luma0.50_chroma0.50.png
girl.bmp,salt_pepper,0.5,0.9,28.554075143065756,0.5965817000998495,output/Additional\girl_salt_pepper_luma0.50_chroma0.90.png
girl.bmp,salt_pepper,0.9,0.1,28.4497420337518,0.5639404713484015,output/Additional\girl_salt_pepper_luma0.90_chroma0.10.png
girl.bmp,salt_pepper,0.9,0.5,28.379318650549948,0.5645643494613592,output/Additional\girl_salt_pepper_luma0.90_chroma0.50.png
girl.bmp,salt_pepper,0.9,0.9,28.374490467041113,0.5653517287232934,output/Additional\girl_salt_pepper_luma0.90_chroma0.90.png
girl.bmp,gaussian,0.1,0.1,31.764320445149494,0.7883818011769729,output/Additional\girl_gaussian_luma0.10_chroma0.10.png
girl.bmp,gaussian,0.1,0.5,30.788266202125868,0.7857263608328529,output/Additional\girl_gaussian_luma0.10_chroma0.50.png
girl.bmp,gaussian,0.1,0.9,30.547991248326014,0.785348990891584,output/Additional\girl_gaussian_luma0.10_chroma0.90.png
girl.bmp,gaussian,0.5,0.1,29.74884642051108,0.633692310131991,output/Additional\girl_gaussian_luma0.50_chroma0.10.png
girl.bmp,gaussian,0.5,0.5,29.565090304578646,0.6334275278771705,output/Additional\girl_gaussian_luma0.50_chroma0.50.png
girl.bmp,gaussian,0.5,0.9,29.454388909092945,0.6330367432858816,output/Additional\girl_gaussian_luma0.50_chroma0.90.png
girl.bmp,gaussian,0.9,0.1,29.18860150646131,0.5938438810207664,output/Additional\girl_gaussian_luma0.90_chroma0.10.png
girl.bmp,gaussian,0.9,0.5,29.113893616651147,0.5940853090533992,output/Additional\girl_gaussian_luma0.90_chroma0.50.png
girl.bmp,gaussian,0.9,0.9,29.07971192324892,0.5951045272502954,output/Additional\girl_gaussian_luma0.90_chroma0.90.png
houses.bmp,salt_pepper,0.1,0.1,29.42443243266226,0.42595783572077456,output/Additional\houses_salt_pepper_luma0.10_chroma0.10.png
houses.bmp,salt_pepper,0.1,0.5,36.09621698467267,0.35013052411941553,output/Additional\houses_salt_pepper_luma0.10_chroma0.50.png
houses.bmp,salt_pepper,0.1,0.9,36.4001785497767,0.34961911670915485,output/Additional\houses_salt_pepper_luma0.10_chroma0.90.png
houses.bmp,salt_pepper,0.5,0.1,28.178059639412094,0.3851027336574054,output/Additional\houses_salt_pepper_luma0.50_chroma0.10.png
houses.bmp,salt_pepper,0.5,0.5,28.181713415704145,0.3864949736193097,output/Additional\houses_salt_pepper_luma0.50_chroma0.50.png
houses.bmp,salt_pepper,0.5,0.9,33.973125867084526,0.3542494792689055,output/Additional\houses_salt_pepper_luma0.50_chroma0.90.png
houses.bmp,salt_pepper,0.9,0.1,27.991405836063407,0.30777006179374256,output/Additional\houses_salt_pepper_luma0.90_chroma0.10.png
houses.bmp,salt_pepper,0.9,0.5,27.99649172535161,0.30884314007847324,output/Additional\houses_salt_pepper_luma0.90_chroma0.50.png
houses.bmp,salt_pepper,0.9,0.9,27.998464916519996,0.3109140389545701,output/Additional\houses_salt_pepper_luma0.90_chroma0.90.png
houses.bmp,gaussian,0.1,0.1,30.029811192633478,0.7520471038529914,output/Additional\houses_gaussian_luma0.10_chroma0.10.png
houses.bmp,gaussian,0.1,0.5,30.046807813066835,0.754754982465611,output/Additional\houses_gaussian_luma0.10_chroma0.50.png
houses.bmp,gaussian,0.1,0.9,30.064916586363246,0.7594982298065261,output/Additional\houses_gaussian_luma0.10_chroma0.90.png
houses.bmp,gaussian,0.5,0.1,28.560143408996254,0.4295723911286114,output/Additional\houses_gaussian_luma0.50_chroma0.10.png
houses.bmp,gaussian,0.5,0.5,28.561027016889003,0.4311402162790492,output/Additional\houses_gaussian_luma0.50_chroma0.50.png
houses.bmp,gaussian,0.5,0.9,28.57183213306907,0.43461511034024297,output/Additional\houses_gaussian_luma0.50_chroma0.90.png
houses.bmp,gaussian,0.9,0.1,28.24277320533244,0.33744294514673384,output/Additional\houses_gaussian_luma0.90_chroma0.10.png
houses.bmp,gaussian,0.9,0.5,28.24539688195266,0.3389161123973539,output/Additional\houses_gaussian_luma0.90_chroma0.50.png
houses.bmp,gaussian,0.9,0.9,28.2546192703874,0.340533421728588,output/Additional\houses_gaussian_luma0.90_chroma0.90.png
kiel.bmp,salt_pepper,0.1,0.1,30.19075895337142,0.3020390215775162,output/Additional\kiel_salt_pepper_luma0.10_chroma0.10.png
kiel.bmp,salt_pepper,0.1,0.5,35.94961243306112,0.22777152152928268,output/Additional\kiel_salt_pepper_luma0.10_chroma0.50.png
kiel.bmp,salt_pepper,0.1,0.9,36.140493697847134,0.22759737875490182,output/Additional\kiel_salt_pepper_luma0.10_chroma0.90.png
kiel.bmp,salt_pepper,0.5,0.1,29.051707827132603,0.4854693991279924,output/Additional\kiel_salt_pepper_luma0.50_chroma0.10.png
kiel.bmp,salt_pepper,0.5,0.5,29.05733944385687,0.48690749003416656,output/Additional\kiel_salt_pepper_luma0.50_chroma0.50.png
kiel.bmp,salt_pepper,0.5,0.9,34.186040885113506,0.22916967580453443,output/Additional\kiel_salt_pepper_luma0.50_chroma0.90.png
kiel.bmp,salt_pepper,0.9,0.1,28.888540990801776,0.45495964858527,output/Additional\kiel_salt_pepper_luma0.90_chroma0.10.png
kiel.bmp,salt_pepper,0.9,0.5,28.89502438918299,0.4559807692534272,output/Additional\kiel_salt_pepper_luma0.90_chroma0.50.png
kiel.bmp,salt_pepper,0.9,0.9,28.909382701803132,0.4572681399553276,output/Additional\kiel_salt_pepper_luma0.90_chroma0.90.png
kiel.bmp,gaussian,0.1,0.1,31.248407946623608,0.7325859927911555,output/Additional\kiel_gaussian_luma0.10_chroma0.10.png
kiel.bmp,gaussian,0.1,0.5,31.272561252047076,0.7363825223400919,output/Additional\kiel_gaussian_luma0.10_chroma0.50.png
kiel.bmp,gaussian,0.1,0.9,31.295690000761457,0.7406423216122149,output/Additional\kiel_gaussian_luma0.10_chroma0.90.png
kiel.bmp,gaussian,0.5,0.1,30.206769588227903,0.5075460931378656,output/Additional\kiel_gaussian_luma0.50_chroma0.10.png
kiel.bmp,gaussian,0.5,0.5,30.214469802364174,0.5089046615258388,output/Additional\kiel_gaussian_luma0.50_chroma0.50.png
kiel.bmp,gaussian,0.5,0.9,30.225812780995795,0.5118195607297302,output/Additional\kiel_gaussian_luma0.50_chroma0.90.png
kiel.bmp,gaussian,0.9,0.1,29.909000377134287,0.4677106913022955,output/Additional\kiel_gaussian_luma0.90_chroma0.10.png
kiel.bmp,gaussian,0.9,0.5,29.921157199454353,0.468669615575901,output/Additional\kiel_gaussian_luma0.90_chroma0.50.png
kiel.bmp,gaussian,0.9,0.9,29.934227385755786,0.4699333655234248,output/Additional\kiel_gaussian_luma0.90_chroma0.90.png
lighthouse.bmp,salt_pepper,0.1,0.1,29.935912840337778,0.28079122070174284,output/Additional\lighthouse_salt_pepper_luma0.10_chroma0.10.png
lighthouse.bmp,salt_pepper,0.1,0.5,36.02678158604516,0.22399388011264967,output/Additional\lighthouse_salt_pepper_luma0.10_chroma0.50.png
lighthouse.bmp,salt_pepper,0.1,0.9,36.29893668045892,0.22395434905064304,output/Additional\lighthouse_salt_pepper_luma0.10_chroma0.90.png
lighthouse.bmp,salt_pepper,0.5,0.1,29.016054047041106,0.42742540063285783,output/Additional\lighthouse_salt_pepper_luma0.50_chroma0.10.png
lighthouse.bmp,salt_pepper,0.5,0.5,29.020853968562754,0.42881405836674796,output/Additional\lighthouse_salt_pepper_luma0.50_chroma0.50.png
lighthouse.bmp,salt_pepper,0.5,0.9,33.9790188518072,0.22400194871271886,output/Additional\lighthouse_salt_pepper_luma0.50_chroma0.90.png
lighthouse.bmp,salt_pepper,0.9,0.1,28.8443967748958,0.39264672266851813,output/Additional\lighthouse_salt_pepper_luma0.90_chroma0.10.png
lighthouse.bmp,salt_pepper,0.9,0.5,28.842045621695558,0.3939754143209057,output/Additional\lighthouse_salt_pepper_luma0.90_chroma0.50.png
lighthouse.bmp,salt_pepper,0.9,0.9,28.84802581607429,0.3956285206938813,output/Additional\lighthouse_salt_pepper_luma0.90_chroma0.90.png
lighthouse.bmp,gaussian,0.1,0.1,30.56193790513216,0.6539713193433191,output/Additional\lighthouse_gaussian_luma0.10_chroma0.10.png
lighthouse.bmp,gaussian,0.1,0.5,30.58259049383163,0.6580089306741518,output/Additional\lighthouse_gaussian_luma0.10_chroma0.50.png
lighthouse.bmp,gaussian,0.1,0.9,30.612790420838046,0.663270774232467,output/Additional\lighthouse_gaussian_luma0.10_chroma0.90.png
lighthouse.bmp,gaussian,0.5,0.1,29.371037078712043,0.4506453248283308,output/Additional\lighthouse_gaussian_luma0.50_chroma0.10.png
lighthouse.bmp,gaussian,0.5,0.5,29.378878034444252,0.45182310865136577,output/Additional\lighthouse_gaussian_luma0.50_chroma0.50.png
lighthouse.bmp,gaussian,0.5,0.9,29.40000845413632,0.45452233487666205,output/Additional\lighthouse_gaussian_luma0.50_chroma0.90.png
lighthouse.bmp,gaussian,0.9,0.1,29.092139577393617,0.41023055294013083,output/Additional\lighthouse_gaussian_luma0.90_chroma0.10.png
lighthouse.bmp,gaussian,0.9,0.5,29.09762982041308,0.41156632955429023,output/Additional\lighthouse_gaussian_luma0.90_chroma0.50.png
lighthouse.bmp,gaussian,0.9,0.9,29.1129841653923,0.41339992702286005,output/Additional\lighthouse_gaussian_luma0.90_chroma0.90.png
monarch.bmp,salt_pepper,0.1,0.1,30.32157316849975,0.29192515531116464,output/Additional\monarch_salt_pepper_luma0.10_chroma0.10.png
monarch.bmp,salt_pepper,0.1,0.5,29.83758835099589,0.29152490271341097,output/Additional\monarch_salt_pepper_luma0.10_chroma0.50.png
monarch.bmp,salt_pepper,0.1,0.9,29.739529746924823,0.29044830120428794,output/Additional\monarch_salt_pepper_luma0.10_chroma0.90.png
monarch.bmp,salt_pepper,0.5,0.1,29.10059224504137,0.7115705533622555,output/Additional\monarch_salt_pepper_luma0.50_chroma0.10.png
monarch.bmp,salt_pepper,0.5,0.5,28.931438590529375,0.7121702933679556,output/Additional\monarch_salt_pepper_luma0.50_chroma0.50.png
monarch.bmp,salt_pepper,0.5,0.9,28.91438344149514,0.7140476827131216,output/Additional\monarch_salt_pepper_luma0.50_chroma0.90.png
monarch.bmp,salt_pepper,0.9,0.1,28.86212040999775,0.6418890890819305,output/Additional\monarch_salt_pepper_luma0.90_chroma0.10.png
monarch.bmp,salt_pepper,0.9,0.5,28.76365309290484,0.642328086010465,output/Additional\monarch_salt_pepper_luma0.90_chroma0.50.png
monarch.bmp,salt_pepper,0.9,0.9,28.744517438808707,0.6434847460501447,output/Additional\monarch_salt_pepper_luma0.90_chroma0.90.png
monarch.bmp,gaussian,0.1,0.1,32.84235842590744,0.9097239752699688,output/Additional\monarch_gaussian_luma0.10_chroma0.10.png
monarch.bmp,gaussian,0.1,0.5,31.216555157155874,0.9074815563273549,output/Additional\monarch_gaussian_luma0.10_chroma0.50.png
monarch.bmp,gaussian,0.1,0.9,31.00365215168683,0.9096571086583474,output/Additional\monarch_gaussian_luma0.10_chroma0.90.png
monarch.bmp,gaussian,0.5,0.1,30.23160902817349,0.7457000468302912,output/Additional\monarch_gaussian_luma0.50_chroma0.10.png
monarch.bmp,gaussian,0.5,0.5,30.001362388015778,0.7460866025236929,output/Additional\monarch_gaussian_luma0.50_chroma0.50.png
monarch.bmp,gaussian,0.5,0.9,29.937054864538034,0.7478551988573523,output/Additional\monarch_gaussian_luma0.50_chroma0.90.png
monarch.bmp,gaussian,0.9,0.1,29.66322630260734,0.6681323949951127,output/Additional\monarch_gaussian_luma0.90_chroma0.10.png
monarch.bmp,gaussian,0.9,0.5,29.63203989885143,0.6687033228876812,output/Additional\monarch_gaussian_luma0.90_chroma0.50.png
monarch.bmp,gaussian,0.9,0.9,29.596854794107553,0.670006848609022,output/Additional\monarch_gaussian_luma0.90_chroma0.90.png
pens.bmp,salt_pepper,0.1,0.1,30.071576660572376,0.26763943569907483,output/Additional\pens_salt_pepper_luma0.10_chroma0.10.png
pens.bmp,salt_pepper,0.1,0.5,29.74425443788107,0.2672479605848769,output/Additional\pens_salt_pepper_luma0.10_chroma0.50.png
pens.bmp,salt_pepper,0.1,0.9,29.679425786547554,0.2659286282411587,output/Additional\pens_salt_pepper_luma0.10_chroma0.90.png
pens.bmp,salt_pepper,0.5,0.1,28.530034767154255,0.6039954053818436,output/Additional\pens_salt_pepper_luma0.50_chroma0.10.png
pens.bmp,salt_pepper,0.5,0.5,28.472833748547078,0.6047073534231606,output/Additional\pens_salt_pepper_luma0.50_chroma0.50.png
pens.bmp,salt_pepper,0.5,0.9,28.449864922890868,0.6069261946092288,output/Additional\pens_salt_pepper_luma0.50_chroma0.90.png
pens.bmp,salt_pepper,0.9,0.1,28.411295179010267,0.5580989084543961,output/Additional\pens_salt_pepper_luma0.90_chroma0.10.png
pens.bmp,salt_pepper,0.9,0.5,28.37779952110017,0.5587721087884632,output/Additional\pens_salt_pepper_luma0.90_chroma0.50.png
pens.bmp,salt_pepper,0.9,0.9,28.363220148452942,0.5611878455216547,output/Additional\pens_salt_pepper_luma0.90_chroma0.90.png
pens.bmp,gaussian,0.1,0.1,31.4812319243573,0.8171902690187653,output/Additional\pens_gaussian_luma0.10_chroma0.10.png
pens.bmp,gaussian,0.1,0.5,30.669869462042392,0.8182235337434701,output/Additional\pens_gaussian_luma0.10_chroma0.50.png
pens.bmp,gaussian,0.1,0.9,30.461182497267423,0.8189061108648688,output/Additional\pens_gaussian_luma0.10_chroma0.90.png
pens.bmp,gaussian,0.5,0.1,29.469803799615274,0.6570095534152414,output/Additional\pens_gaussian_luma0.50_chroma0.10.png
pens.bmp,gaussian,0.5,0.5,29.212119139194282,0.6578294140146131,output/Additional\pens_gaussian_luma0.50_chroma0.50.png
pens.bmp,gaussian,0.5,0.9,29.120485004441043,0.6595110630231229,output/Additional\pens_gaussian_luma0.50_chroma0.90.png
pens.bmp,gaussian,0.9,0.1,29.044617937121874,0.6041058827492157,output/Additional\pens_gaussian_luma0.90_chroma0.10.png
pens.bmp,gaussian,0.9,0.5,28.857227677205096,0.605126598774586,output/Additional\pens_gaussian_luma0.90_chroma0.50.png
pens.bmp,gaussian,0.9,0.9,28.79785504184239,0.6064177768057641,output/Additional\pens_gaussian_luma0.90_chroma0.90.png
soccer.bmp,salt_pepper,0.1,0.1,29.37825476846085,0.3612659852469411,output/Additional\soccer_salt_pepper_luma0.10_chroma0.10.png
soccer.bmp,salt_pepper,0.1,0.5,29.19326731231027,0.36068707885799806,output/Additional\soccer_salt_pepper_luma0.10_chroma0.50.png
soccer.bmp,salt_pepper,0.1,0.9,29.152876812822555,0.3603158940827559,output/Additional\soccer_salt_pepper_luma0.10_chroma0.90.png
soccer.bmp,salt_pepper,0.5,0.1,28.415568798378814,0.4153974143469712,output/Additional\soccer_salt_pepper_luma0.50_chroma0.10.png
soccer.bmp,salt_pepper,0.5,0.5,28.354351434515728,0.41626637707914793,output/Additional\soccer_salt_pepper_luma0.50_chroma0.50.png
soccer.bmp,salt_pepper,0.5,0.9,28.357432448240147,0.41976624946068447,output/Additional\soccer_salt_pepper_luma0.50_chroma0.90.png
soccer.bmp,salt_pepper,0.9,0.1,28.271540549755983,0.337243357085689,output/Additional\soccer_salt_pepper_luma0.90_chroma0.10.png
soccer.bmp,salt_pepper,0.9,0.5,28.241509989981225,0.33830145482987667,output/Additional\soccer_salt_pepper_luma0.90_chroma0.50.png
soccer.bmp,salt_pepper,0.9,0.9,28.231849349791496,0.34091522482945624,output/Additional\soccer_salt_pepper_luma0.90_chroma0.90.png
soccer.bmp,gaussian,0.1,0.1,30.08120003837395,0.7550011774137184,output/Additional\soccer_gaussian_luma0.10_chroma0.10.png
soccer.bmp,gaussian,0.1,0.5,29.711575253254185,0.7559941217385885,output/Additional\soccer_gaussian_luma0.10_chroma0.50.png
soccer.bmp,gaussian,0.1,0.9,29.655756150820537,0.7594908270576823,output/Additional\soccer_gaussian_luma0.10_chroma0.90.png
soccer.bmp,gaussian,0.5,0.1,28.765206967655548,0.46005948446240164,output/Additional\soccer_gaussian_luma0.50_chroma0.10.png
soccer.bmp,gaussian,0.5,0.5,28.682212082832468,0.46088768126926327,output/Additional\soccer_gaussian_luma0.50_chroma0.50.png
soccer.bmp,gaussian,0.5,0.9,28.659046807848757,0.46342418350246634,output/Additional\soccer_gaussian_luma0.50_chroma0.90.png
soccer.bmp,gaussian,0.9,0.1,28.421867066024422,0.3725192477980197,output/Additional\soccer_gaussian_luma0.90_chroma0.10.png
soccer.bmp,gaussian,0.9,0.5,28.389006991676244,0.373981815417791,output/Additional\soccer_gaussian_luma0.90_chroma0.50.png
soccer.bmp,gaussian,0.9,0.9,28.373081652563496,0.37581848913865795,output/Additional\soccer_gaussian_luma0.90_chroma0.90.png
tiffany.bmp,salt_pepper,0.1,0.1,30.16739450698731,0.14561098408579576,output/Additional\tiffany_salt_pepper_luma0.10_chroma0.10.png
tiffany.bmp,salt_pepper,0.1,0.5,29.896851116561596,0.14535695545428914,output/Additional\tiffany_salt_pepper_luma0.10_chroma0.50.png
tiffany.bmp,salt_pepper,0.1,0.9,29.87368115076601,0.14429836903538548,output/Additional\tiffany_salt_pepper_luma0.10_chroma0.90.png
tiffany.bmp,salt_pepper,0.5,0.1,28.706084897185026,0.6500399513114185,output/Additional\tiffany_salt_pepper_luma0.50_chroma0.10.png
tiffany.bmp,salt_pepper,0.5,0.5,28.900940087973286,0.6501440233025944,output/Additional\tiffany_salt_pepper_luma0.50_chroma0.50.png
tiffany.bmp,salt_pepper,0.5,0.9,28.820465516070822,0.6524791617939396,output/Additional\tiffany_salt_pepper_luma0.50_chroma0.90.png
tiffany.bmp,salt_pepper,0.9,0.1,28.694178649778756,0.6184914667436245,output/Additional\tiffany_salt_pepper_luma0.90_chroma0.10.png
tiffany.bmp,salt_pepper,0.9,0.5,28.634465214075924,0.6188317947279365,output/Additional\tiffany_salt_pepper_luma0.90_chroma0.50.png
tiffany.bmp,salt_pepper,0.9,0.9,28.71661047346679,0.6204983501926847,output/Additional\tiffany_salt_pepper_luma0.90_chroma0.90.png
tiffany.bmp,gaussian,0.1,0.1,32.077019217686015,0.7934863346428592,output/Additional\tiffany_gaussian_luma0.10_chroma0.10.png
tiffany.bmp,gaussian,0.1,0.5,31.074899882247106,0.7893097264431281,output/Additional\tiffany_gaussian_luma0.10_chroma0.50.png
tiffany.bmp,gaussian,0.1,0.9,31.02039729749482,0.7976328015097737,output/Additional\tiffany_gaussian_luma0.10_chroma0.90.png
tiffany.bmp,gaussian,0.5,0.1,30.17276991529373,0.6676773265988438,output/Additional\tiffany_gaussian_luma0.50_chroma0.10.png
tiffany.bmp,gaussian,0.5,0.5,30.173442751318788,0.6661341833553468,output/Additional\tiffany_gaussian_luma0.50_chroma0.50.png
tiffany.bmp,gaussian,0.5,0.9,30.20255926685656,0.671273713581085,output/Additional\tiffany_gaussian_luma0.50_chroma0.90.png
tiffany.bmp,gaussian,0.9,0.1,29.56531131923895,0.631888509001239,output/Additional\tiffany_gaussian_luma0.90_chroma0.10.png
tiffany.bmp,gaussian,0.9,0.5,29.595943221858416,0.6295958661834405,output/Additional\tiffany_gaussian_luma0.90_chroma0.50.png
tiffany.bmp,gaussian,0.9,0.9,29.66783876809675,0.6328457253040395,output/Additional\tiffany_gaussian_luma0.90_chroma0.90.png
yacht.bmp,salt_pepper,0.1,0.1,29.935454932144,0.2953003301156753,output/Additional\yacht_salt_pepper_luma0.10_chroma0.10.png
yacht.bmp,salt_pepper,0.1,0.5,29.523353046636775,0.2950301385032829,output/Additional\yacht_salt_pepper_luma0.10_chroma0.50.png
yacht.bmp,salt_pepper,0.1,0.9,29.4291572960727,0.29441696096339254,output/Additional\yacht_salt_pepper_luma0.10_chroma0.90.png
yacht.bmp,salt_pepper,0.5,0.1,28.613396225895077,0.5704829467047713,output/Additional\yacht_salt_pepper_luma0.50_chroma0.10.png
yacht.bmp,salt_pepper,0.5,0.5,28.442079591854753,0.5712533004113656,output/Additional\yacht_salt_pepper_luma0.50_chroma0.50.png
yacht.bmp,salt_pepper,0.5,0.9,28.37858273475222,0.5723794750094042,output/Additional\yacht_salt_pepper_luma0.50_chroma0.90.png
yacht.bmp,salt_pepper,0.9,0.1,28.422795042210616,0.5282671463392765,output/Additional\yacht_salt_pepper_luma0.90_chroma0.10.png
yacht.bmp,salt_pepper,0.9,0.5,28.33552689836295,0.5296210191149535,output/Additional\yacht_salt_pepper_luma0.90_chroma0.50.png
yacht.bmp,salt_pepper,0.9,0.9,28.27767148925386,0.5300017897378319,output/Additional\yacht_salt_pepper_luma0.90_chroma0.90.png
yacht.bmp,gaussian,0.1,0.1,31.354845705331012,0.8034555878128956,output/Additional\yacht_gaussian_luma0.10_chroma0.10.png
yacht.bmp,gaussian,0.1,0.5,30.448092008212306,0.8028775078264303,output/Additional\yacht_gaussian_luma0.10_chroma0.50.png
yacht.bmp,gaussian,0.1,0.9,30.19446026589113,0.8043111377291658,output/Additional\yacht_gaussian_luma0.10_chroma0.90.png
yacht.bmp,gaussian,0.5,0.1,29.57007637931166,0.6105818029675482,output/Additional\yacht_gaussian_luma0.50_chroma0.10.png
yacht.bmp,gaussian,0.5,0.5,29.307871115445923,0.6111036511544815,output/Additional\yacht_gaussian_luma0.50_chroma0.50.png
yacht.bmp,gaussian,0.5,0.9,29.15282873813288,0.6114725180310427,output/Additional\yacht_gaussian_luma0.50_chroma0.90.png
yacht.bmp,gaussian,0.9,0.1,28.97919424835639,0.5595343057952095,output/Additional\yacht_gaussian_luma0.90_chroma0.10.png
yacht.bmp,gaussian,0.9,0.5,28.858718495154175,0.5602873874397509,output/Additional\yacht_gaussian_luma0.90_chroma0.50.png
yacht.bmp,gaussian,0.9,0.9,28.774889347086898,0.5616730851322429,output/Additional\yacht_gaussian_luma0.90_chroma0.90.png
cablecar.ppm,salt_pepper,0.1,0.1,30.20221018355519,0.23836046241374106,output/Additional\cablecar_salt_pepper_luma0.10_chroma0.10.png
cablecar.ppm,salt_pepper,0.1,0.5,29.96459573020934,0.23809357602825076,output/Additional\cablecar_salt_pepper_luma0.10_chroma0.50.png
cablecar.ppm,salt_pepper,0.1,0.9,29.944022446596573,0.23722894034559433,output/Additional\cablecar_salt_pepper_luma0.10_chroma0.90.png
cablecar.ppm,salt_pepper,0.5,0.1,28.274239685633713,0.5647049447781717,output/Additional\cablecar_salt_pepper_luma0.50_chroma0.10.png
cablecar.ppm,salt_pepper,0.5,0.5,28.239656884029078,0.5660916881722741,output/Additional\cablecar_salt_pepper_luma0.50_chroma0.50.png
cablecar.ppm,salt_pepper,0.5,0.9,28.22481895938051,0.5678274808476313,output/Additional\cablecar_salt_pepper_luma0.50_chroma0.90.png
cablecar.ppm,salt_pepper,0.9,0.1,28.167648710922172,0.5288968865053789,output/Additional\cablecar_salt_pepper_luma0.90_chroma0.10.png
cablecar.ppm,salt_pepper,0.9,0.5,28.16315732343892,0.529468150478906,output/Additional\cablecar_salt_pepper_luma0.90_chroma0.50.png
cablecar.ppm,salt_pepper,0.9,0.9,28.151990835540474,0.53139716864524,output/Additional\cablecar_salt_pepper_luma0.90_chroma0.90.png
cablecar.ppm,gaussian,0.1,0.1,31.534613651617143,0.8023516227823712,output/Additional\cablecar_gaussian_luma0.10_chroma0.10.png
cablecar.ppm,gaussian,0.1,0.5,31.068084713949958,0.8049315121646865,output/Additional\cablecar_gaussian_luma0.10_chroma0.50.png
cablecar.ppm,gaussian,0.1,0.9,31.00008472579576,0.809049983477245,output/Additional\cablecar_gaussian_luma0.10_chroma0.90.png
cablecar.ppm,gaussian,0.5,0.1,29.966018421103616,0.5993320496906054,output/Additional\cablecar_gaussian_luma0.50_chroma0.10.png
cablecar.ppm,gaussian,0.5,0.5,29.902148269446226,0.6001802324669561,output/Additional\cablecar_gaussian_luma0.50_chroma0.50.png
cablecar.ppm,gaussian,0.5,0.9,29.88371132849118,0.6032644974614251,output/Additional\cablecar_gaussian_luma0.50_chroma0.90.png
cablecar.ppm,gaussian,0.9,0.1,29.478934852089026,0.5550307765476195,output/Additional\cablecar_gaussian_luma0.90_chroma0.10.png
cablecar.ppm,gaussian,0.9,0.5,29.47941430393247,0.5556950831666729,output/Additional\cablecar_gaussian_luma0.90_chroma0.50.png
cablecar.ppm,gaussian,0.9,0.9,29.474364999815332,0.5570388478249214,output/Additional\cablecar_gaussian_luma0.90_chroma0.90.png
cornfield.ppm,salt_pepper,0.1,0.1,29.502578031494544,0.3597270229923234,output/Additional\cornfield_salt_pepper_luma0.10_chroma0.10.png
cornfield.ppm,salt_pepper,0.1,0.5,29.3499082023224,0.35902036702181245,output/Additional\cornfield_salt_pepper_luma0.10_chroma0.50.png
cornfield.ppm,salt_pepper,0.1,0.9,29.294339486636744,0.3585268702290049,output/Additional\cornfield_salt_pepper_luma0.10_chroma0.90.png
cornfield.ppm,salt_pepper,0.5,0.1,28.95730824322941,0.5082562282460129,output/Additional\cornfield_salt_pepper_luma0.50_chroma0.10.png
cornfield.ppm,salt_pepper,0.5,0.5,28.978559590094214,0.5099280877594203,output/Additional\cornfield_salt_pepper_luma0.50_chroma0.50.png
cornfield.ppm,salt_pepper,0.5,0.9,28.99906033276188,0.5116037553783643,output/Additional\cornfield_salt_pepper_luma0.50_chroma0.90.png
cornfield.ppm,salt_pepper,0.9,0.1,28.86363959005708,0.458090350531587,output/Additional\cornfield_salt_pepper_luma0.90_chroma0.10.png
cornfield.ppm,salt_pepper,0.9,0.5,28.889989283301066,0.4593338889525388,output/Additional\cornfield_salt_pepper_luma0.90_chroma0.50.png
cornfield.ppm,salt_pepper,0.9,0.9,28.91791806607218,0.4606317481501952,output/Additional\cornfield_salt_pepper_luma0.90_chroma0.90.png
cornfield.ppm,gaussian,0.1,0.1,31.030466879018007,0.8212841482415455,output/Additional\cornfield_gaussian_luma0.10_chroma0.10.png
cornfield.ppm,gaussian,0.1,0.5,30.805874774934278,0.823862287772917,output/Additional\cornfield_gaussian_luma0.10_chroma0.50.png
cornfield.ppm,gaussian,0.1,0.9,30.685471756318847,0.8266535339954494,output/Additional\cornfield_gaussian_luma0.10_chroma0.90.png
cornfield.ppm,gaussian,0.5,0.1,29.804944887219392,0.5313552830877132,output/Additional\cornfield_gaussian_luma0.50_chroma0.10.png
cornfield.ppm,gaussian,0.5,0.5,29.791454764399305,0.5330447401651636,output/Additional\cornfield_gaussian_luma0.50_chroma0.50.png
cornfield.ppm,gaussian,0.5,0.9,29.77573086968229,0.5353976160086347,output/Additional\cornfield_gaussian_luma0.50_chroma0.90.png
cornfield.ppm,gaussian,0.9,0.1,29.49258837932299,0.4720983170709451,output/Additional\cornfield_gaussian_luma0.90_chroma0.10.png
cornfield.ppm,gaussian,0.9,0.5,29.494256134232927,0.47266937078124943,output/Additional\cornfield_gaussian_luma0.90_chroma0.50.png
cornfield.ppm,gaussian,0.9,0.9,29.519351888039672,0.4743011357989871,output/Additional\cornfield_gaussian_luma0.90_chroma0.90.png
flower.ppm,salt_pepper,0.1,0.1,30.64916022716282,0.2422890035037276,output/Additional\flower_salt_pepper_luma0.10_chroma0.10.png
flower.ppm,salt_pepper,0.1,0.5,30.019320073154976,0.24134598607673594,output/Additional\flower_salt_pepper_luma0.10_chroma0.50.png
flower.ppm,salt_pepper,0.1,0.9,29.90577574852003,0.24046866334928202,output/Additional\flower_salt_pepper_luma0.10_chroma0.90.png
flower.ppm,salt_pepper,0.5,0.1,28.460715408663248,0.7072428806550476,output/Additional\flower_salt_pepper_luma0.50_chroma0.10.png
flower.ppm,salt_pepper,0.5,0.5,28.35535193650426,0.7081118659308204,output/Additional\flower_salt_pepper_luma0.50_chroma0.50.png
flower.ppm,salt_pepper,0.5,0.9,28.349233755816,0.7122636918756461,output/Additional\flower_salt_pepper_luma0.50_chroma0.90.png
flower.ppm,salt_pepper,0.9,0.1,28.270721773694255,0.6660028174007877,output/Additional\flower_salt_pepper_luma0.90_chroma0.10.png
flower.ppm,salt_pepper,0.9,0.5,28.208439789366167,0.6665200810215901,output/Additional\flower_salt_pepper_luma0.90_chroma0.50.png
flower.ppm,salt_pepper,0.9,0.9,28.206721882253134,0.6688072345910637,output/Additional\flower_salt_pepper_luma0.90_chroma0.90.png
flower.ppm,gaussian,0.1,0.1,33.15204369018461,0.888020079345082,output/Additional\flower_gaussian_luma0.10_chroma0.10.png
flower.ppm,gaussian,0.1,0.5,31.660872007188882,0.8886157016058106,output/Additional\flower_gaussian_luma0.10_chroma0.50.png
flower.ppm,gaussian,0.1,0.9,31.420533104153797,0.8923070029773741,output/Additional\flower_gaussian_luma0.10_chroma0.90.png
flower.ppm,gaussian,0.5,0.1,30.209283381591693,0.7565293688239213,output/Additional\flower_gaussian_luma0.50_chroma0.10.png
flower.ppm,gaussian,0.5,0.5,29.819243392002107,0.7575617122639994,output/Additional\flower_gaussian_luma0.50_chroma0.50.png
flower.ppm,gaussian,0.5,0.9,29.75213874086453,0.7601670560311338,output/Additional\flower_gaussian_luma0.50_chroma0.90.png
flower.ppm,gaussian,0.9,0.1,29.360269290527064,0.7079013836518684,output/Additional\flower_gaussian_luma0.90_chroma0.10.png
flower.ppm,gaussian,0.9,0.5,29.17774036522536,0.7091948340608554,output/Additional\flower_gaussian_luma0.90_chroma0.50.png
flower.ppm,gaussian,0.9,0.9,29.126500121571006,0.7109680461632061,output/Additional\flower_gaussian_luma0.90_chroma0.90.png
flowers.ppm,salt_pepper,0.1,0.1,29.740196398002595,0.2967380922538003,output/Additional\flowers_salt_pepper_luma0.10_chroma0.10.png
flowers.ppm,salt_pepper,0.1,0.5,29.37425514293494,0.29647112693250144,output/Additional\flowers_salt_pepper_luma0.10_chroma0.50.png
flowers.ppm,salt_pepper,0.1,0.9,29.26072791087853,0.2964022294079157,output/Additional\flowers_salt_pepper_luma0.10_chroma0.90.png
flowers.ppm,salt_pepper,0.5,0.1,28.517549480851518,0.4920330738895963,output/Additional\flowers_salt_pepper_luma0.50_chroma0.10.png
flowers.ppm,salt_pepper,0.5,0.5,28.289585849544245,0.49285609688438214,output/Additional\flowers_salt_pepper_luma0.50_chroma0.50.png
flowers.ppm,salt_pepper,0.5,0.9,28.23154403659807,0.493105735438242,output/Additional\flowers_salt_pepper_luma0.50_chroma0.90.png
flowers.ppm,salt_pepper,0.9,0.1,28.402433169575843,0.43340930817233136,output/Additional\flowers_salt_pepper_luma0.90_chroma0.10.png
flowers.ppm,salt_pepper,0.9,0.5,28.22330340599049,0.43380095647538847,output/Additional\flowers_salt_pepper_luma0.90_chroma0.50.png
flowers.ppm,salt_pepper,0.9,0.9,28.175447252117465,0.4346628409961766,output/Additional\flowers_salt_pepper_luma0.90_chroma0.90.png
flowers.ppm,gaussian,0.1,0.1,30.91120221395911,0.7877992246801045,output/Additional\flowers_gaussian_luma0.10_chroma0.10.png
flowers.ppm,gaussian,0.1,0.5,30.052027723826665,0.7856418626458884,output/Additional\flowers_gaussian_luma0.10_chroma0.50.png
flowers.ppm,gaussian,0.1,0.9,29.777008558565857,0.7833228397180175,output/Additional\flowers_gaussian_luma0.10_chroma0.90.png
flowers.ppm,gaussian,0.5,0.1,29.320486763585727,0.5387585849789499,output/Additional\flowers_gaussian_luma0.50_chroma0.10.png
flowers.ppm,gaussian,0.5,0.5,29.06826091069731,0.5386513646259579,output/Additional\flowers_gaussian_luma0.50_chroma0.50.png
flowers.ppm,gaussian,0.5,0.9,28.930357245116376,0.538526222527733,output/Additional\flowers_gaussian_luma0.50_chroma0.90.png
flowers.ppm,gaussian,0.9,0.1,29.014994344115863,0.46995822509233526,output/Additional\flowers_gaussian_luma0.90_chroma0.10.png
flowers.ppm,gaussian,0.9,0.5,28.86354271780541,0.4699276941517923,output/Additional\flowers_gaussian_luma0.90_chroma0.50.png
flowers.ppm,gaussian,0.9,0.9,28.72795147382279,0.4705078592396984,output/Additional\flowers_gaussian_luma0.90_chroma0.90.png
fruits.ppm,salt_pepper,0.1,0.1,30.006548571322462,0.2096352515083228,output/Additional\fruits_salt_pepper_luma0.10_chroma0.10.png
fruits.ppm,salt_pepper,0.1,0.5,29.642121288735005,0.20909178137879506,output/Additional\fruits_salt_pepper_luma0.10_chroma0.50.png
fruits.ppm,salt_pepper,0.1,0.9,29.54074925575736,0.20754011123578484,output/Additional\fruits_salt_pepper_luma0.10_chroma0.90.png
fruits.ppm,salt_pepper,0.5,0.1,29.10436159698385,0.5942272734928715,output/Additional\fruits_salt_pepper_luma0.50_chroma0.10.png
fruits.ppm,salt_pepper,0.5,0.5,29.015824870726142,0.595484115853817,output/Additional\fruits_salt_pepper_luma0.50_chroma0.50.png
fruits.ppm,salt_pepper,0.5,0.9,29.00025911012245,0.5976197413063946,output/Additional\fruits_salt_pepper_luma0.50_chroma0.90.png
fruits.ppm,salt_pepper,0.9,0.1,28.95881486131565,0.5699151158030071,output/Additional\fruits_salt_pepper_luma0.90_chroma0.10.png
fruits.ppm,salt_pepper,0.9,0.5,28.876774728782152,0.570645702217082,output/Additional\fruits_salt_pepper_luma0.90_chroma0.50.png
fruits.ppm,salt_pepper,0.9,0.9,28.847412083353404,0.5725130238504083,output/Additional\fruits_salt_pepper_luma0.90_chroma0.90.png
fruits.ppm,gaussian,0.1,0.1,31.84455251513436,0.784970072073226,output/Additional\fruits_gaussian_luma0.10_chroma0.10.png
fruits.ppm,gaussian,0.1,0.5,31.1368536498745,0.7892953979146413,output/Additional\fruits_gaussian_luma0.10_chroma0.50.png
fruits.ppm,gaussian,0.1,0.9,30.879455732913744,0.7926953487452757,output/Additional\fruits_gaussian_luma0.10_chroma0.90.png
fruits.ppm,gaussian,0.5,0.1,30.272720949510365,0.6362006348772695,output/Additional\fruits_gaussian_luma0.50_chroma0.10.png
fruits.ppm,gaussian,0.5,0.5,30.082044737978464,0.6373257058129268,output/Additional\fruits_gaussian_luma0.50_chroma0.50.png
fruits.ppm,gaussian,0.5,0.9,29.973711771016745,0.6400988922562848,output/Additional\fruits_gaussian_luma0.50_chroma0.90.png
fruits.ppm,gaussian,0.9,0.1,29.784764177687162,0.6031635996071641,output/Additional\fruits_gaussian_luma0.90_chroma0.10.png
fruits.ppm,gaussian,0.9,0.5,29.70793017323482,0.6043587445520133,output/Additional\fruits_gaussian_luma0.90_chroma0.50.png
fruits.ppm,gaussian,0.9,0.9,29.622444250265865,0.6063036772359347,output/Additional\fruits_gaussian_luma0.90_chroma0.90.png
girl.ppm,salt_pepper,0.1,0.1,30.328347145618707,0.245683770732586,output/Additional\girl_salt_pepper_luma0.10_chroma0.10.png
girl.ppm,salt_pepper,0.1,0.5,29.9605201415158,0.24542020106662318,output/Additional\girl_salt_pepper_luma0.10_chroma0.50.png
girl.ppm,salt_pepper,0.1,0.9,29.868555428266035,0.24479225141762717,output/Additional\girl_salt_pepper_luma0.10_chroma0.90.png
girl.ppm,salt_pepper,0.5,0.1,28.68773058598549,0.596910563312041,output/Additional\girl_salt_pepper_luma0.50_chroma0.10.png
girl.ppm,salt_pepper,0.5,0.5,28.579635217617955,0.5972332652780525,output/Additional\girl_salt_pepper_luma0.50_chroma0.50.png
girl.ppm,salt_pepper,0.5,0.9,28.55819803966824,0.5977877030767232,output/Additional\girl_salt_pepper_luma0.50_chroma0.90.png
girl.ppm,salt_pepper,0.9,0.1,28.443736020601467,0.5641416456828927,output/Additional\girl_salt_pepper_luma0.90_chroma0.10.png
girl.ppm,salt_pepper,0.9,0.5,28.381587067884055,0.5646359904723834,output/Additional\girl_salt_pepper_luma0.90_chroma0.50.png
girl.ppm,salt_pepper,0.9,0.9,28.376157930639145,0.5653450170880258,output/Additional\girl_salt_pepper_luma0.90_chroma0.90.png
girl.ppm,gaussian,0.1,0.1,31.761651530812113,0.7883127476146216,output/Additional\girl_gaussian_luma0.10_chroma0.10.png
girl.ppm,gaussian,0.1,0.5,30.79181510162554,0.7861048841229719,output/Additional\girl_gaussian_luma0.10_chroma0.50.png
girl.ppm,gaussian,0.1,0.9,30.540005233727577,0.7848908337727316,output/Additional\girl_gaussian_luma0.10_chroma0.90.png
girl.ppm,gaussian,0.5,0.1,29.740417734691956,0.6330706879182543,output/Additional\girl_gaussian_luma0.50_chroma0.10.png
girl.ppm,gaussian,0.5,0.5,29.56505689095983,0.6331192337012417,output/Additional\girl_gaussian_luma0.50_chroma0.50.png
girl.ppm,gaussian,0.5,0.9,29.453859917434322,0.6329216963603984,output/Additional\girl_gaussian_luma0.50_chroma0.90.png
girl.ppm,gaussian,0.9,0.1,29.202641440629,0.5941828708163929,output/Additional\girl_gaussian_luma0.90_chroma0.10.png
girl.ppm,gaussian,0.9,0.5,29.125132434456916,0.5942611680998712,output/Additional\girl_gaussian_luma0.90_chroma0.50.png
girl.ppm,gaussian,0.9,0.9,29.081094983558845,0.5949998953715548,output/Additional\girl_gaussian_luma0.90_chroma0.90.png
monarch.ppm,salt_pepper,0.1,0.1,30.319011581350143,0.2924814738245522,output/Additional\monarch_salt_pepper_luma0.10_chroma0.10.png
monarch.ppm,salt_pepper,0.1,0.5,29.833930625285234,0.2920001940084977,output/Additional\monarch_salt_pepper_luma0.10_chroma0.50.png
monarch.ppm,salt_pepper,0.1,0.9,29.74241909435639,0.29083022793485586,output/Additional\monarch_salt_pepper_luma0.10_chroma0.90.png
monarch.ppm,salt_pepper,0.5,0.1,29.100833524205537,0.7118581626460417,output/Additional\monarch_salt_pepper_luma0.50_chroma0.10.png
monarch.ppm,salt_pepper,0.5,0.5,28.91764355373229,0.7124604099687615,output/Additional\monarch_salt_pepper_luma0.50_chroma0.50.png
monarch.ppm,salt_pepper,0.5,0.9,28.902062302512213,0.7146179380848591,output/Additional\monarch_salt_pepper_luma0.50_chroma0.90.png
monarch.ppm,salt_pepper,0.9,0.1,28.854351288757627,0.6408139742423805,output/Additional\monarch_salt_pepper_luma0.90_chroma0.10.png
monarch.ppm,salt_pepper,0.9,0.5,28.755679988778834,0.6413119913587253,output/Additional\monarch_salt_pepper_luma0.90_chroma0.50.png
monarch.ppm,salt_pepper,0.9,0.9,28.73609783738353,0.6434155948366459,output/Additional\monarch_salt_pepper_luma0.90_chroma0.90.png
monarch.ppm,gaussian,0.1,0.1,32.83211186148185,0.909717165895929,output/Additional\monarch_gaussian_luma0.10_chroma0.10.png
monarch.ppm,gaussian,0.1,0.5,31.219957630490672,0.9075417460972645,output/Additional\monarch_gaussian_luma0.10_chroma0.50.png
monarch.ppm,gaussian,0.1,0.9,31.001192495849253,0.9095962555015759,output/Additional\monarch_gaussian_luma0.10_chroma0.90.png
monarch.ppm,gaussian,0.5,0.1,30.225191473028055,0.7459846297164654,output/Additional\monarch_gaussian_luma0.50_chroma0.10.png
monarch.ppm,gaussian,0.5,0.5,30.000320478807218,0.7464607491069613,output/Additional\monarch_gaussian_luma0.50_chroma0.50.png
monarch.ppm,gaussian,0.5,0.9,29.93808778798805,0.7488763827723834,output/Additional\monarch_gaussian_luma0.50_chroma0.90.png
monarch.ppm,gaussian,0.9,0.1,29.661361822673328,0.6683409960610144,output/Additional\monarch_gaussian_luma0.90_chroma0.10.png
monarch.ppm,gaussian,0.9,0.5,29.638239431809083,0.6686527088773088,output/Additional\monarch_gaussian_luma0.90_chroma0.50.png
monarch.ppm,gaussian,0.9,0.9,29.596785652681067,0.6703948613158173,output/Additional\monarch_gaussian_luma0.90_chroma0.90.png
pens.ppm,salt_pepper,0.1,0.1,30.042483985495338,0.2647265502298385,output/Additional\pens_salt_pepper_luma0.10_chroma0.10.png
pens.ppm,salt_pepper,0.1,0.5,29.739391912358197,0.2641726366459724,output/Additional\pens_salt_pepper_luma0.10_chroma0.50.png
pens.ppm,salt_pepper,0.1,0.9,29.672835468108065,0.2634293746991482,output/Additional\pens_salt_pepper_luma0.10_chroma0.90.png
pens.ppm,salt_pepper,0.5,0.1,28.52734372673467,0.603265878930711,output/Additional\pens_salt_pepper_luma0.50_chroma0.10.png
pens.ppm,salt_pepper,0.5,0.5,28.460903977539495,0.6041293946972658,output/Additional\pens_salt_pepper_luma0.50_chroma0.50.png
pens.ppm,salt_pepper,0.5,0.9,28.448490473782165,0.606163262869026,output/Additional\pens_salt_pepper_luma0.50_chroma0.90.png
pens.ppm,salt_pepper,0.9,0.1,28.392372008861287,0.5564801474463051,output/Additional\pens_salt_pepper_luma0.90_chroma0.10.png
pens.ppm,salt_pepper,0.9,0.5,28.353740181753952,0.5577403825618559,output/Additional\pens_salt_pepper_luma0.90_chroma0.50.png
pens.ppm,salt_pepper,0.9,0.9,28.353315139875363,0.5608847444176323,output/Additional\pens_salt_pepper_luma0.90_chroma0.90.png
pens.ppm,gaussian,0.1,0.1,31.45392991513987,0.8152739840924047,output/Additional\pens_gaussian_luma0.10_chroma0.10.png
pens.ppm,gaussian,0.1,0.5,30.634243395512403,0.8161062750249808,output/Additional\pens_gaussian_luma0.10_chroma0.50.png
pens.ppm,gaussian,0.1,0.9,30.44481788954751,0.8176940979318436,output/Additional\pens_gaussian_luma0.10_chroma0.90.png
pens.ppm,gaussian,0.5,0.1,29.46071542773987,0.6564036926614211,output/Additional\pens_gaussian_luma0.50_chroma0.10.png
pens.ppm,gaussian,0.5,0.5,29.202827078097382,0.6568415394939295,output/Additional\pens_gaussian_luma0.50_chroma0.50.png
pens.ppm,gaussian,0.5,0.9,29.10894577870353,0.6588965499460485,output/Additional\pens_gaussian_luma0.50_chroma0.90.png
pens.ppm,gaussian,0.9,0.1,29.03985362465015,0.6040311605158066,output/Additional\pens_gaussian_luma0.90_chroma0.10.png
pens.ppm,gaussian,0.9,0.5,28.846342269703605,0.6046157056628618,output/Additional\pens_gaussian_luma0.90_chroma0.50.png
pens.ppm,gaussian,0.9,0.9,28.80276929270299,0.6076262580468648,output/Additional\pens_gaussian_luma0.90_chroma0.90.png
soccer.ppm,salt_pepper,0.1,0.1,29.346416791780747,0.3584681967455382,output/Additional\soccer_salt_pepper_luma0.10_chroma0.10.png
soccer.ppm,salt_pepper,0.1,0.5,29.160015808078477,0.3582039875225667,output/Additional\soccer_salt_pepper_luma0.10_chroma0.50.png
soccer.ppm,salt_pepper,0.1,0.9,29.119714191183725,0.35728282526372107,output/Additional\soccer_salt_pepper_luma0.10_chroma0.90.png
soccer.ppm,salt_pepper,0.5,0.1,28.40394996056078,0.41239995330013435,output/Additional\soccer_salt_pepper_luma0.50_chroma0.10.png
soccer.ppm,salt_pepper,0.5,0.5,28.348190692685318,0.41368797773981747,output/Additional\soccer_salt_pepper_luma0.50_chroma0.50.png
soccer.ppm,salt_pepper,0.5,0.9,28.334630036858968,0.41589068788115136,output/Additional\soccer_salt_pepper_luma0.50_chroma0.90.png
soccer.ppm,salt_pepper,0.9,0.1,28.27888753854651,0.33647675914366454,output/Additional\soccer_salt_pepper_luma0.90_chroma0.10.png
soccer.ppm,salt_pepper,0.9,0.5,28.24229837668144,0.33728500743791534,output/Additional\soccer_salt_pepper_luma0.90_chroma0.50.png
soccer.ppm,salt_pepper,0.9,0.9,28.229315733767258,0.33957738974939655,output/Additional\soccer_salt_pepper_luma0.90_chroma0.90.png
soccer.ppm,gaussian,0.1,0.1,30.086067229667716,0.7560934910447638,output/Additional\soccer_gaussian_luma0.10_chroma0.10.png
soccer.ppm,gaussian,0.1,0.5,29.715263099875976,0.757098474963117,output/Additional\soccer_gaussian_luma0.10_chroma0.50.png
soccer.ppm,gaussian,0.1,0.9,29.650360070937015,0.7586353906981068,output/Additional\soccer_gaussian_luma0.10_chroma0.90.png
soccer.ppm,gaussian,0.5,0.1,28.76380500878625,0.46002000609112537,output/Additional\soccer_gaussian_luma0.50_chroma0.10.png
soccer.ppm,gaussian,0.5,0.5,28.685793683231573,0.4609030070640585,output/Additional\soccer_gaussian_luma0.50_chroma0.50.png
soccer.ppm,gaussian,0.5,0.9,28.659888679918012,0.46403515721216143,output/Additional\soccer_gaussian_luma0.50_chroma0.90.png
soccer.ppm,gaussian,0.9,0.1,28.426479610405902,0.3729205133851041,output/Additional\soccer_gaussian_luma0.90_chroma0.10.png
soccer.ppm,gaussian,0.9,0.5,28.38949681074474,0.3734270108952145,output/Additional\soccer_gaussian_luma0.90_chroma0.50.png
soccer.ppm,gaussian,0.9,0.9,28.375352389879353,0.37580045857501776,output/Additional\soccer_gaussian_luma0.90_chroma0.90.png
tiffany.ppm,salt_pepper,0.1,0.1,30.15648919383763,0.14273400100076267,output/Additional\tiffany_salt_pepper_luma0.10_chroma0.10.png
tiffany.ppm,salt_pepper,0.1,0.5,29.906342142692832,0.14266927163377724,output/Additional\tiffany_salt_pepper_luma0.10_chroma0.50.png
tiffany.ppm,salt_pepper,0.1,0.9,29.876655008949783,0.1413568257254098,output/Additional\tiffany_salt_pepper_luma0.10_chroma0.90.png
tiffany.ppm,salt_pepper,0.5,0.1,28.71319299239838,0.6475177388695301,output/Additional\tiffany_salt_pepper_luma0.50_chroma0.10.png
tiffany.ppm,salt_pepper,0.5,0.5,28.871782941050085,0.6477582730576794,output/Additional\tiffany_salt_pepper_luma0.50_chroma0.50.png
tiffany.ppm,salt_pepper,0.5,0.9,28.82648280956004,0.650088791732887,output/Additional\tiffany_salt_pepper_luma0.50_chroma0.90.png
tiffany.ppm,salt_pepper,0.9,0.1,28.709430538378605,0.617629784181431,output/Additional\tiffany_salt_pepper_luma0.90_chroma0.10.png
tiffany.ppm,salt_pepper,0.9,0.5,28.610803567359827,0.6178074523756855,output/Additional\tiffany_salt_pepper_luma0.90_chroma0.50.png
tiffany.ppm,salt_pepper,0.9,0.9,28.700510184100413,0.6195616846365853,output/Additional\tiffany_salt_pepper_luma0.90_chroma0.90.png
tiffany.ppm,gaussian,0.1,0.1,32.067909962020366,0.7938356820651079,output/Additional\tiffany_gaussian_luma0.10_chroma0.10.png
tiffany.ppm,gaussian,0.1,0.5,31.072976823496372,0.7893633259987415,output/Additional\tiffany_gaussian_luma0.10_chroma0.50.png
tiffany.ppm,gaussian,0.1,0.9,31.018599469814877,0.7982718618812175,output/Additional\tiffany_gaussian_luma0.10_chroma0.90.png
tiffany.ppm,gaussian,0.5,0.1,30.187081622894112,0.6679278181744802,output/Additional\tiffany_gaussian_luma0.50_chroma0.10.png
tiffany.ppm,gaussian,0.5,0.5,30.16516553753059,0.6664268572469625,output/Additional\tiffany_gaussian_luma0.50_chroma0.50.png
tiffany.ppm,gaussian,0.5,0.9,30.19533155051546,0.6713419027493042,output/Additional\tiffany_gaussian_luma0.50_chroma0.90.png
tiffany.ppm,gaussian,0.9,0.1,29.57543224463897,0.6321731539925752,output/Additional\tiffany_gaussian_luma0.90_chroma0.10.png
tiffany.ppm,gaussian,0.9,0.5,29.594261196619982,0.6298015166772982,output/Additional\tiffany_gaussian_luma0.90_chroma0.50.png
tiffany.ppm,gaussian,0.9,0.9,29.65330974177246,0.6320919404460872,output/Additional\tiffany_gaussian_luma0.90_chroma0.90.png
yacht.ppm,salt_pepper,0.1,0.1,29.934062559511275,0.2949847068606383,output/Additional\yacht_salt_pepper_luma0.10_chroma0.10.png
yacht.ppm,salt_pepper,0.1,0.5,29.521854624610256,0.29451100001180647,output/Additional\yacht_salt_pepper_luma0.10_chroma0.50.png
yacht.ppm,salt_pepper,0.1,0.9,29.41725673937464,0.29416098828552284,output/Additional\yacht_salt_pepper_luma0.10_chroma0.90.png
yacht.ppm,salt_pepper,0.5,0.1,28.599591661133587,0.5696648326925056,output/Additional\yacht_salt_pepper_luma0.50_chroma0.10.png
yacht.ppm,salt_pepper,0.5,0.5,28.43749812210919,0.5703819430854047,output/Additional\yacht_salt_pepper_luma0.50_chroma0.50.png
yacht.ppm,salt_pepper,0.5,0.9,28.383084898541135,0.571157644409069,output/Additional\yacht_salt_pepper_luma0.50_chroma0.90.png
yacht.ppm,salt_pepper,0.9,0.1,28.42766917957638,0.5293365933625281,output/Additional\yacht_salt_pepper_luma0.90_chroma0.10.png
yacht.ppm,salt_pepper,0.9,0.5,28.325621876166636,0.5296158143022387,output/Additional\yacht_salt_pepper_luma0.90_chroma0.50.png
yacht.ppm,salt_pepper,0.9,0.9,28.27851881812659,0.5306829999504712,output/Additional\yacht_salt_pepper_luma0.90_chroma0.90.png
yacht.ppm,gaussian,0.1,0.1,31.35903342462256,0.8042720218151469,output/Additional\yacht_gaussian_luma0.10_chroma0.10.png
yacht.ppm,gaussian,0.1,0.5,30.45764302844659,0.8039057380241158,output/Additional\yacht_gaussian_luma0.10_chroma0.50.png
yacht.ppm,gaussian,0.1,0.9,30.190046555079057,0.8045546185228749,output/Additional\yacht_gaussian_luma0.10_chroma0.90.png
yacht.ppm,gaussian,0.5,0.1,29.571281944699916,0.6109160153240225,output/Additional\yacht_gaussian_luma0.50_chroma0.10.png
yacht.ppm,gaussian,0.5,0.5,29.303659943451837,0.6111790262788823,output/Additional\yacht_gaussian_luma0.50_chroma0.50.png
yacht.ppm,gaussian,0.5,0.9,29.162591133224375,0.612052072022846,output/Additional\yacht_gaussian_luma0.50_chroma0.90.png
yacht.ppm,gaussian,0.9,0.1,28.984735818431933,0.5597785697057452,output/Additional\yacht_gaussian_luma0.90_chroma0.10.png
yacht.ppm,gaussian,0.9,0.5,28.866063960346686,0.5605566033412736,output/Additional\yacht_gaussian_luma0.90_chroma0.50.png
yacht.ppm,gaussian,0.9,0.9,28.773512535880638,0.5613533464632715,output/Additional\yacht_gaussian_luma0.90_chroma0.90.png
airplaneU2.pgm,salt_pepper,0.1,0.1,31.730466619176532,0.09307287329891811,output/Additional\airplaneU2_salt_pepper_luma0.10_chroma0.10.png
airplaneU2.pgm,salt_pepper,0.1,0.5,35.67744026410467,0.06860754881854207,output/Additional\airplaneU2_salt_pepper_luma0.10_chroma0.50.png
airplaneU2.pgm,salt_pepper,0.1,0.9,35.577982301260185,0.06854267471585103,output/Additional\airplaneU2_salt_pepper_luma0.10_chroma0.90.png
airplaneU2.pgm,salt_pepper,0.5,0.1,27.924328216043452,0.616855175855047,output/Additional\airplaneU2_salt_pepper_luma0.50_chroma0.10.png
airplaneU2.pgm,salt_pepper,0.5,0.5,27.9309568061258,0.6179285028385947,output/Additional\airplaneU2_salt_pepper_luma0.50_chroma0.50.png
airplaneU2.pgm,salt_pepper,0.5,0.9,33.70670701274621,0.06431323635387759,output/Additional\airplaneU2_salt_pepper_luma0.50_chroma0.90.png
airplaneU2.pgm,salt_pepper,0.9,0.1,27.890099589031582,0.6082817012605095,output/Additional\airplaneU2_salt_pepper_luma0.90_chroma0.10.png
airplaneU2.pgm,salt_pepper,0.9,0.5,27.898604672486798,0.610268188767199,output/Additional\airplaneU2_salt_pepper_luma0.90_chroma0.50.png
airplaneU2.pgm,salt_pepper,0.9,0.9,27.90537336812246,0.6113892025780195,output/Additional\airplaneU2_salt_pepper_luma0.90_chroma0.90.png
airplaneU2.pgm,gaussian,0.1,0.1,33.66465816233459,0.7217396282003921,output/Additional\airplaneU2_gaussian_luma0.10_chroma0.10.png
airplaneU2.pgm,gaussian,0.1,0.5,33.74120303664708,0.7258092704008768,output/Additional\airplaneU2_gaussian_luma0.10_chroma0.50.png
airplaneU2.pgm,gaussian,0.1,0.9,33.795185757514965,0.7286666360007638,output/Additional\airplaneU2_gaussian_luma0.10_chroma0.90.png
airplaneU2.pgm,gaussian,0.5,0.1,32.96077184140175,0.6869649324040835,output/Additional\airplaneU2_gaussian_luma0.50_chroma0.10.png
airplaneU2.pgm,gaussian,0.5,0.5,33.01762400848142,0.6891530026288677,output/Additional\airplaneU2_gaussian_luma0.50_chroma0.50.png
airplaneU2.pgm,gaussian,0.5,0.9,33.10740341085275,0.6924596415707867,output/Additional\airplaneU2_gaussian_luma0.50_chroma0.90.png
airplaneU2.pgm,gaussian,0.9,0.1,32.696056750322796,0.6774967903090575,output/Additional\airplaneU2_gaussian_luma0.90_chroma0.10.png
airplaneU2.pgm,gaussian,0.9,0.5,32.728607125669754,0.6785488080554712,output/Additional\airplaneU2_gaussian_luma0.90_chroma0.50.png
airplaneU2.pgm,gaussian,0.9,0.9,32.8082189815416,0.6809337719368876,output/Additional\airplaneU2_gaussian_luma0.90_chroma0.90.png
houses.pgm,salt_pepper,0.1,0.1,29.431848708545402,0.4279106505070045,output/Additional\houses_salt_pepper_luma0.10_chroma0.10.png
houses.pgm,salt_pepper,0.1,0.5,36.08647788237318,0.35261913273066575,output/Additional\houses_salt_pepper_luma0.10_chroma0.50.png
houses.pgm,salt_pepper,0.1,0.9,36.3968980652061,0.35212180026514456,output/Additional\houses_salt_pepper_luma0.10_chroma0.90.png
houses.pgm,salt_pepper,0.5,0.1,28.16850577611791,0.3844480517288176,output/Additional\houses_salt_pepper_luma0.50_chroma0.10.png
houses.pgm,salt_pepper,0.5,0.5,28.173571133991707,0.3860665215394703,output/Additional\houses_salt_pepper_luma0.50_chroma0.50.png
houses.pgm,salt_pepper,0.5,0.9,33.97479788395957,0.3567346124440328,output/Additional\houses_salt_pepper_luma0.50_chroma0.90.png
houses.pgm,salt_pepper,0.9,0.1,27.97530937447989,0.3081605782572769,output/Additional\houses_salt_pepper_luma0.90_chroma0.10.png
houses.pgm,salt_pepper,0.9,0.5,27.979367778349182,0.30958407188518755,output/Additional\houses_salt_pepper_luma0.90_chroma0.50.png
houses.pgm,salt_pepper,0.9,0.9,27.98814061939847,0.31181010560254807,output/Additional\houses_salt_pepper_luma0.90_chroma0.90.png
houses.pgm,gaussian,0.1,0.1,30.01743465493927,0.7521741800658135,output/Additional\houses_gaussian_luma0.10_chroma0.10.png
houses.pgm,gaussian,0.1,0.5,30.032596421459594,0.7552482478239272,output/Additional\houses_gaussian_luma0.10_chroma0.50.png
houses.pgm,gaussian,0.1,0.9,30.073778829974493,0.759723189533427,output/Additional\houses_gaussian_luma0.10_chroma0.90.png
houses.pgm,gaussian,0.5,0.1,28.55889253301743,0.4293454566185146,output/Additional\houses_gaussian_luma0.50_chroma0.10.png
houses.pgm,gaussian,0.5,0.5,28.56281996482249,0.4315174970238636,output/Additional\houses_gaussian_luma0.50_chroma0.50.png
houses.pgm,gaussian,0.5,0.9,28.569698687341123,0.43327094658505605,output/Additional\houses_gaussian_luma0.50_chroma0.90.png
houses.pgm,gaussian,0.9,0.1,28.23264114042377,0.33769658019542037,output/Additional\houses_gaussian_luma0.90_chroma0.10.png
houses.pgm,gaussian,0.9,0.5,28.243205075941617,0.3384642125119803,output/Additional\houses_gaussian_luma0.90_chroma0.50.png
houses.pgm,gaussian,0.9,0.9,28.246330262963305,0.3404083064175671,output/Additional\houses_gaussian_luma0.90_chroma0.90.png
kiel.pgm,salt_pepper,0.1,0.1,30.21284530701437,0.29921204857038425,output/Additional\kiel_salt_pepper_luma0.10_chroma0.10.png
kiel.pgm,salt_pepper,0.1,0.5,35.95572721441907,0.22515862866462383,output/Additional\kiel_salt_pepper_luma0.10_chroma0.50.png
kiel.pgm,salt_pepper,0.1,0.9,36.16438233515928,0.2249965873442876,output/Additional\kiel_salt_pepper_luma0.10_chroma0.90.png
kiel.pgm,salt_pepper,0.5,0.1,28.98449614004534,0.4853509252482943,output/Additional\kiel_salt_pepper_luma0.50_chroma0.10.png
kiel.pgm,salt_pepper,0.5,0.5,28.991307272924214,0.4868406651098694,output/Additional\kiel_salt_pepper_luma0.50_chroma0.50.png
kiel.pgm,salt_pepper,0.5,0.9,34.18008919160938,0.22650320156597445,output/Additional\kiel_salt_pepper_luma0.50_chroma0.90.png
kiel.pgm,salt_pepper,0.9,0.1,28.820621382864356,0.4537791738869844,output/Additional\kiel_salt_pepper_luma0.90_chroma0.10.png
kiel.pgm,salt_pepper,0.9,0.5,28.82390468832387,0.45485501558526187,output/Additional\kiel_salt_pepper_luma0.90_chroma0.50.png
kiel.pgm,salt_pepper,0.9,0.9,28.83332123227182,0.4561091698725874,output/Additional\kiel_salt_pepper_luma0.90_chroma0.90.png
kiel.pgm,gaussian,0.1,0.1,31.255572440745084,0.7325171758849217,output/Additional\kiel_gaussian_luma0.10_chroma0.10.png
kiel.pgm,gaussian,0.1,0.5,31.280013758157143,0.7362858982376389,output/Additional\kiel_gaussian_luma0.10_chroma0.50.png
kiel.pgm,gaussian,0.1,0.9,31.29754778990327,0.7400105208091661,output/Additional\kiel_gaussian_luma0.10_chroma0.90.png
kiel.pgm,gaussian,0.5,0.1,30.19063152482253,0.5072825346046376,output/Additional\kiel_gaussian_luma0.50_chroma0.10.png
kiel.pgm,gaussian,0.5,0.5,30.209183189040125,0.5091924533181993,output/Additional\kiel_gaussian_luma0.50_chroma0.50.png
kiel.pgm,gaussian,0.5,0.9,30.21608821116649,0.5112141132730355,output/Additional\kiel_gaussian_luma0.50_chroma0.90.png
kiel.pgm,gaussian,0.9,0.1,29.904671861739644,0.46799478975075,output/Additional\kiel_gaussian_luma0.90_chroma0.10.png
kiel.pgm,gaussian,0.9,0.5,29.91194326774369,0.468869222856056,output/Additional\kiel_gaussian_luma0.90_chroma0.50.png
kiel.pgm,gaussian,0.9,0.9,29.93099092197729,0.4702736650029423,output/Additional\kiel_gaussian_luma0.90_chroma0.90.png
lighthouse.pgm,salt_pepper,0.1,0.1,29.941766098109426,0.2798172060719601,output/Additional\lighthouse_salt_pepper_luma0.10_chroma0.10.png
lighthouse.pgm,salt_pepper,0.1,0.5,36.02881911878883,0.2226558607229341,output/Additional\lighthouse_salt_pepper_luma0.10_chroma0.50.png
lighthouse.pgm,salt_pepper,0.1,0.9,36.3137406836691,0.22261469147207397,output/Additional\lighthouse_salt_pepper_luma0.10_chroma0.90.png
lighthouse.pgm,salt_pepper,0.5,0.1,29.002136048091202,0.4281464103710915,output/Additional\lighthouse_salt_pepper_luma0.50_chroma0.10.png
lighthouse.pgm,salt_pepper,0.5,0.5,29.010532143408252,0.4295179713953635,output/Additional\lighthouse_salt_pepper_luma0.50_chroma0.50.png
lighthouse.pgm,salt_pepper,0.5,0.9,33.96103294736701,0.22265185638216184,output/Additional\lighthouse_salt_pepper_luma0.50_chroma0.90.png
lighthouse.pgm,salt_pepper,0.9,0.1,28.830811197651848,0.39326245531240783,output/Additional\lighthouse_salt_pepper_luma0.90_chroma0.10.png
lighthouse.pgm,salt_pepper,0.9,0.5,28.833063639495006,0.3946261074236779,output/Additional\lighthouse_salt_pepper_luma0.90_chroma0.50.png
lighthouse.pgm,salt_pepper,0.9,0.9,28.846533723263754,0.39727952594041493,output/Additional\lighthouse_salt_pepper_luma0.90_chroma0.90.png
lighthouse.pgm,gaussian,0.1,0.1,30.54974349777249,0.6530079602800132,output/Additional\lighthouse_gaussian_luma0.10_chroma0.10.png
lighthouse.pgm,gaussian,0.1,0.5,30.562401790323026,0.6561958549817655,output/Additional\lighthouse_gaussian_luma0.10_chroma0.50.png
lighthouse.pgm,gaussian,0.1,0.9,30.608831383520958,0.66249091235041,output/Additional\lighthouse_gaussian_luma0.10_chroma0.90.png
lighthouse.pgm,gaussian,0.5,0.1,29.37029018424582,0.45044060997632407,output/Additional\lighthouse_gaussian_luma0.50_chroma0.10.png
lighthouse.pgm,gaussian,0.5,0.5,29.37261504556489,0.4519846479974023,output/Additional\lighthouse_gaussian_luma0.50_chroma0.50.png
lighthouse.pgm,gaussian,0.5,0.9,29.39738375482009,0.45408869144574726,output/Additional\lighthouse_gaussian_luma0.50_chroma0.90.png
lighthouse.pgm,gaussian,0.9,0.1,29.083360673629723,0.4099887336148705,output/Additional\lighthouse_gaussian_luma0.90_chroma0.10.png
lighthouse.pgm,gaussian,0.9,0.5,29.095774508941382,0.4116961789904555,output/Additional\lighthouse_gaussian_luma0.90_chroma0.50.png
lighthouse.pgm,gaussian,0.9,0.9,29.108884611651863,0.41358890996143904,output/Additional\lighthouse_gaussian_luma0.90_chroma0.90.png
